word,frequency
é,1317
foi,734
%,586
disse,454
governo,410
ser,399
diz,380
está,373
presidente,360
sua,345
ano,338
milhões,325
seu,298
são,285
tem,273
foram,271
dia,267
anos,263
vai,258
deve,239
candidato,234
campanha,219
há,208
este,207
estão,206
ter,203
será,183
produção,165
país,163
ministro,161
pode,160
maior,160
afirmou,157
Editoria,156
PáGINA,155
dias,154
Estado,148
preços,148
mercado,145
projeto,142
semana,138
seus,137
É,137
animais,136
deputado,136
média,135
era,135
passado,131
pessoas,130
partido,130
preço,126
fazer,126
empresa,125
afirma,122
primeiro,121
mais,119
senador,116
empresas,115
programa,114
aumento,112
governador,111
região,110
suas,109
diretor,106
área,104
93,102
grupo,100
parte,100
plano,97
candidatura,96
final,95
dinheiro,95
cidade,95
todos,93
têm,92
trabalho,92
esse,91
essa,90
último,88
sendo,87
café,87
nova,86
passada,86
produtores,86
esta,86
primeira,86
novo,84
lei,84
safra,83
caso,83
leite,83
decisão,83
casa,83
estava,83
grande,82
número,82
mês,82
cada,81
processo,81
leilão,81
eleitoral,81
candidatos,81
seria,79
apoio,79
serão,77
política,75
raça,75
setor,74
faz,74
crianças,74
recursos,73
vez,73
feito,72
período,72
meses,72
zona,72
próximo,72
devem,72
colheita,71
inflação,71
nacional,70
quer,69
revisão,69
havia,68
forma,67
bilhões,67
países,67
todo,67
sistema,67
sido,67
seja,67
total,66
alta,66
feita,66
vão,66
proposta,66
soja,65
dar,65
produtor,65
segundo,65
dados,64
produto,64
acordo,63
outros,63
pagamento,63
noite,63
agosto,63
brasileira,62
podem,62
possível,62
prazo,62
principais,62
pesquisa,62
nome,62
eleição,62
condições,61
qualquer,60
teria,60
terá,60
pedido,60
paulista,59
maioria,59
abril,59
km,59
qualidade,59
chegou,59
mulher,59
eleito,59
produtos,58
problemas,58
equipe,58
cavalos,58
tempo,58
ficou,58
comissão,58
falta,57
terra,57
poderia,57
início,57
risco,57
dezembro,56
solo,56
Justiça,56
milhão,55
máquinas,55
secretário,55
fez,55
população,55
próprio,55
reunião,55
polícia,55
criação,54
maio,54
última,54
hectares,54
leilões,54
possibilidade,54
teve,54
Orçamento,54
toneladas,53
junho,53
aliança,53
crime,53
crescimento,52
gado,52
econômica,51
últimos,51
valor,51
criadores,51
deputados,51
principal,50
problema,50
houve,50
funcionários,50
março,49
movimento,49
outubro,49
tinha,49
Estados,49
todas,49
base,49
professor,49
escola,49
entrevista,49
propostas,49
94,48
fim,48
casos,48
trabalhadores,48
partidos,48
parlamentares,48
imprensa,48
venda,47
vendas,47
produtividade,47
corte,47
federal,47
compra,47
fazenda,47
político,47
eleições,47
deverá,46
chegar,46
estadual,46
t,46
outras,46
mostra,46
militares,46
começou,45
previsão,45
janeiro,45
obras,45
mundo,45
tipo,45
local,45
feitas,45
prevê,45
empresários,45
Sucursal,45
juros,44
redução,44
conta,44
internacional,44
centro,44
custo,44
oferta,44
origem,44
Foi,44
outro,44
segunda,43
ação,43
brasileiro,43
água,43
estar,43
sul,43
julho,43
próxima,43
idéia,43
segurança,43
prefeito,43
situação,42
econômico,42
vezes,42
melhor,42
interior,42
novembro,42
queda,42
poder,42
aprovação,42
pública,42
atual,41
plantio,41
milho,41
pesquisas,41
conseguiu,41
família,41
operação,41
direito,41
carne,40
novos,40
novas,40
brasileiros,40
consumo,40
ex-presidente,40
salários,40
turno,40
vice,40
vem,39
poderá,39
resultado,39
alguns,39
lado,39
ficar,39
domingo,39
julgamento,39
saiu,39
estavam,39
segunda-feira,39
encontro,39
uso,38
técnicos,38
regiões,38
grandes,38
Este,38
especial,38
sábado,38
objetivo,38
momento,38
constitucional,38
fevereiro,37
agricultores,37
aumentar,37
mínimo,37
desenvolvimento,37
vida,37
preciso,37
quilos,37
bancos,37
data,37
agrícolas,36
tenha,36
culturas,36
época,36
líder,36
próximos,36
toda,36
impostos,36
indústria,36
participação,36
ovos,36
entrar,36
presidencial,36
votos,36
contas,36
chuvas,35
Há,35
delegado,35
avaliação,35
juiz,35
vários,35
importante,35
recebeu,35
horas,35
cargo,35
defesa,35
pessoa,35
eleitorais,35
políticos,35
petista,35
hospital,35
começa,34
passou,34
norte,34
nelore,34
dizer,34
pretende,34
nível,34
ex-governador,34
tarde,34
tentar,34
gastos,34
participar,34
doença,34
mesmo,34
greve,34
prisão,34
for,33
máquina,33
estudo,33
eram,33
sexta-feira,33
futuro,33
setembro,33
ver,33
imagem,33
social,33
carro,33
emenda,33
voto,33
agricultura,32
financiamento,32
evitar,32
esses,32
texto,32
manter,32
entidade,32
oficial,32
exposição,32
de,32
pontos,32
1993,32
preocupação,32
questão,32
general,32
assessor,32
porto,32
tucano,32
tucanos,32
homens,32
Reportagem,32
Local,32
lavouras,31
correção,31
causa,31
acredita,31
controle,31
municípios,31
fica,31
existe,31
homem,31
São,31
provas,31
público,31
realizada,31
morte,31
deixar,31
decidiu,31
dívida,31
estaduais,31
lançamento,30
locais,30
arroz,30
realizado,30
vendeu,30
essas,30
nomes,30
espera,30
espaço,30
consumidor,30
moeda,30
sacas,30
fosse,30
abertura,30
volta,30
filho,30
perdas,30
ficaram,30
verbas,30
informações,30
própria,30
fazem,30
TV,30
coisa,30
administração,30
lista,30
rua,30
crédito,29
rural,29
chefe,29
entrada,29
92,29
continuar,29
menor,29
equipamentos,29
concorrência,29
educação,29
fase,29
campo,29
capital,29
valores,29
Foram,29
ordem,29
renda,29
disputa,29
jornal,29
pediu,29
saber,29
votação,29
carga,29
debate,29
alunos,29
órgão,28
advogado,28
reserva,28
grãos,28
linha,28
gerente,28
hora,28
estes,28
responsabilidade,28
bom,28
boa,28
Outro,28
evento,28
oeste,28
ocorreu,28
deu,28
ponto,28
dá,28
geral,28
opinião,28
eleitores,28
coligação,28
policiais,28
assessoria,28
trigo,27
quadro,27
1992,27
nenhum,27
maiores,27
áreas,27
capacidade,27
lugar,27
escolas,27
animal,27
receber,27
discutir,27
empresário,27
tendência,27
alimentos,27
medidas,27
pessoal,27
representantes,27
serem,27
mesma,27
emendas,27
governadores,27
declarações,27
Aids,27
único,26
prática,26
sucesso,26
outra,26
várias,26
responsável,26
metros,26
real,26
primeiros,26
hectare,26
mão,26
saúde,26
artigo,26
Constituição,26
relator,26
ações,26
papel,26
irregularidades,26
chapa,26
mulheres,26
informou,26
agrícola,25
serviço,25
suficiente,25
ha,25
combate,25
equivalente,25
alto,25
deixou,25
velocidade,25
números,25
baixa,25
definição,25
estado,25
contrário,25
criador,25
intenção,25
economia,25
comprar,25
disputar,25
clima,25
terão,25
comando,25
depoimento,25
federais,25
volume,24
demanda,24
pesquisador,24
negócios,24
operações,24
irrigação,24
relatório,24
necessidade,24
significa,24
coordenador,24
chega,24
cavalo,24
URVs,24
acontece,24
telefone,24
obteve,24
lucro,24
informação,24
presença,24
indústrias,24
estratégia,24
entidades,24
médio,24
falar,24
obra,24
setores,24
seriam,24
quinta-feira,24
armas,24
médicos,24
convênio,24
sair,24
militar,24
Sr.,24
recebido,24
licitação,24
ônibus,24
fato,23
cultura,23
dizem,23
continua,23
quarta-feira,23
vice-presidente,23
tecnologia,23
pesquisadores,23
meio,23
convenção,23
internacionais,23
previsto,23
responsáveis,23
cidades,23
levar,23
atenção,23
URV,23
levou,23
relação,23
medida,23
custos,23
levantamento,23
acha,23
obter,23
mostrar,23
acabou,23
trabalhar,23
rede,23
expectativa,23
gente,23
reposição,23
negociações,23
carros,23
paga,23
algum,23
chamado,23
cúpula,23
apoiar,23
direção,23
pai,23
líderes,23
bairro,23
horário,23
esquema,23
acusado,23
frente,22
garantir,22
agricultor,22
história,22
certo,22
algodão,22
sementes,22
resultados,22
considerado,22
perda,22
orçamento,22
exemplo,22
raças,22
pregão,22
andaluz,22
forte,22
organizadores,22
reduzir,22
salário,22
seguinte,22
troca,22
1º,22
projetos,22
corpo,22
central,22
comum,22
críticas,22
instalação,22
esquerda,22
reportagem,22
câncer,22
denúncia,22
minha,22
crimes,22
aulas,22
tributária,21
unidades,21
formação,21
natural,21
diferentes,21
sangue,21
parque,21
atuação,21
algumas,21
alguma,21
tinham,21
Outra,21
criar,21
dois,21
edição,21
privatização,21
sociedade,21
nosso,21
liberação,21
banco,21
passa,21
grupos,21
sem,21
série,21
declarou,21
Sua,21
89,21
pago,21
difícil,21
pedir,21
parlamentar,21
prefeitura,21
preso,21
tentativa,21
almoço,21
estaria,21
reforma,21
ruas,21
vírus,21
reajuste,21
acusados,21
terras,20
doenças,20
associação,20
95,20
semanas,20
últimas,20
mundial,20
querem,20
rio,20
anterior,20
filhos,20
opção,20
realização,20
fêmeas,20
geadas,20
subir,20
sentido,20
feitos,20
saca,20
semestre,20
Esta,20
árabe,20
sejam,20
pagar,20
públicos,20
realizar,20
pequenos,20
poderão,20
documentos,20
taxa,20
voltou,20
dificuldades,20
mãe,20
presos,20
eventual,20
alianças,20
corrupção,20
tenho,20
queria,20
empreiteiras,20
negou,20
votar,20
sessão,20
investigações,20
superior,19
atividades,19
nacionais,19
Esse,19
pecuaristas,19
assistência,19
técnica,19
tratamento,19
explica,19
usado,19
ato,19
presentes,19
a,19
normal,19
conversão,19
caiu,19
passo,19
investimento,19
novela,19
membros,19
tel,19
tiveram,19
revista,19
aquele,19
campanhas,19
estudos,19
implantação,19
serviços,19
empregos,19
simples,19
idade,19
passagem,19
proteção,19
encontrar,19
desempenho,19
amigo,19
tema,19
ex-ministro,19
políticas,19
acesso,19
bancada,19
teriam,19
assunto,19
distribuição,19
nenhuma,19
sucessão,19
função,19
vê,19
inquérito,19
investigação,19
demissão,19
modelo,18
Essa,18
alíquotas,18
feijão,18
exportações,18
busca,18
necessário,18
comercial,18
erosão,18
depende,18
programas,18
jogo,18
considerada,18
quantidade,18
leva,18
remate,18
faturamento,18
usada,18
negócio,18
considera,18
pressão,18
negociação,18
saída,18
tomar,18
bilhão,18
pista,18
quarto,18
muitas,18
existência,18
receita,18
avalia,18
autor,18
médico,18
pais,18
ir,18
rodovia,18
ganhar,18
televisão,18
jornais,18
1994,18
construção,18
peças,18
economista,18
interesse,18
processos,18
filha,18
Vamos,18
teme,18
agências,18
denúncias,18
usar,18
assessores,18
pefelistas,18
contribuição,18
amigos,18
índios,18
recurso,18
cassação,18
pede,18
nota,18
trânsito,18
pena,18
estabilização,17
declaração,17
interno,17
técnico,17
governos,17
grave,17
pecuarista,17
melhores,17
plantas,17
diferença,17
índice,17
verba,17
tipos,17
começar,17
melhorar,17
Dia,17
procura,17
oficiais,17
cotação,17
compradores,17
mensais,17
haverá,17
atividade,17
dono,17
trabalhos,17
aconteceu,17
defende,17
agenda,17
títulos,17
insumos,17
1989,17
despesas,17
haver,17
pequenas,17
prevista,17
análise,17
motivos,17
exterior,17
financeiras,17
imagens,17
contratos,17
comitê,17
estação,17
atraso,17
benefícios,17
conclusão,17
imposto,17
manutenção,17
visita,17
estatal,17
assembléia,17
bônus,17
defendeu,17
carta,17
loja,17
recorde,16
frango,16
palanque,16
legislação,16
fiscal,16
rurais,16
entrega,16
aplicação,16
indica,16
inicial,16
demais,16
consequência,16
representa,16
vender,16
estamos,16
cresceu,16
plantada,16
cooperativa,16
comercialização,16
fiscalização,16
muita,16
veja,16
seca,16
classe,16
cruzamento,16
experiência,16
Tem,16
quebra,16
haras,16
Será,16
celular,16
presidência,16
trabalhando,16
negociar,16
vista,16
possui,16
transformar,16
inglês,16
chance,16
etapa,16
década,16
transporte,16
cooperativas,16
escritório,16
estará,16
município,16
porte,16
precisa,16
perdeu,16
material,16
máximo,16
vou,16
sei,16
documento,16
voltar,16
curso,16
fazendo,16
atendimento,16
madrugada,16
laranja,16
analisar,16
relações,16
muitos,16
gasto,16
chances,16
terceira,16
rádio,16
dizendo,16
eleitorado,16
poderiam,16
discurso,16
judicial,16
suicídio,16
lideranças,16
motorista,16
viagem,15
alerta,15
criou,15
arrecadação,15
oferece,15
hídrica,15
inverno,15
realizados,15
favorável,15
lembra,15
industrial,15
pastagens,15
disposição,15
maneira,15
quilômetros,15
colocar,15
Pode,15
deixa,15
mapa,15
características,15
direto,15
limousin,15
feira,15
paulistas,15
promotor,15
vaca,15
anunciou,15
temporada,15
regime,15
estas,15
altas,15
baixo,15
registrou,15
identificar,15
ficará,15
existem,15
adolescentes,15
criada,15
século,15
aliados,15
permite,15
livro,15
traz,15
regional,15
irá,15
conhecimento,15
91,15
vantagem,15
colher,15
reuniões,15
alternativa,15
verdade,15
parecer,15
fábrica,15
apresentar,15
concessão,15
utilizada,15
1995,15
diversos,15
fala,15
margem,15
externa,15
domingos,15
título,15
assumir,15
vitória,15
Candidato,15
gabinete,15
preocupado,15
Acho,15
meu,15
República,15
envolvidos,15
procurador,15
portos,15
órgãos,15
acusação,15
bens,15
ilegal,15
doações,15
moradores,15
investiga,15
mortos,15
leitor,15
acidente,15
importação,14
reformas,14
revelou,14
modernização,14
treinamento,14
parcela,14
dando,14
claro,14
discussão,14
deveria,14
noroeste,14
lavoura,14
vacas,14
conhecido,14
pagos,14
importantes,14
posse,14
sede,14
única,14
peso,14
financeira,14
novidades,14
casas,14
consumidores,14
pequeno,14
mostrou,14
altos,14
festa,14
estiveram,14
terceiro,14
iniciativa,14
marca,14
exportação,14
fome,14
aquela,14
propriedade,14
vale,14
dívidas,14
seleção,14
americana,14
.,14
ajudar,14
atuais,14
encontrado,14
permitir,14
gaúcho,14
sindicatos,14
Página,14
férias,14
fortes,14
crise,14
computador,14
lançado,14
motivo,14
sala,14
esteve,14
provável,14
influência,14
organizado,14
comunicação,14
peemedebistas,14
quercista,14
aceitar,14
manhã,14
confirmou,14
ministério,14
salarial,14
contribuições,14
quis,14
enviou,14
disseram,14
quadrilha,14
caravanas,14
ex-prefeito,14
desertificação,13
garante,13
metade,13
imóveis,13
agrotóxicos,13
reúne,13
estima,13
tratores,13
colheitadeiras,13
igual,13
prêmio,13
chegaram,13
popular,13
revela,13
caro,13
fechado,13
ganha,13
aprovada,13
olhos,13
bovinos,13
cabeças,13
Houve,13
marcada,13
puro-sangue,13
deverão,13
ganhou,13
entrou,13
fazendas,13
importações,13
sindicato,13
pagamentos,13
temos,13
mangalarga,13
crescer,13
produzir,13
holandês,13
regras,13
estradas,13
elétrica,13
grão,13
executivo,13
recebe,13
responder,13
dado,13
coisas,13
temas,13
consequências,13
parece,13
Cada,13
obtido,13
estilo,13
perder,13
cria,13
geração,13
altura,13
falou,13
resposta,13
sofreu,13
Estamos,13
amendoim,13
esperar,13
Está,13
mudar,13
possuem,13
pequena,13
afirmam,13
trabalham,13
mão-de-obra,13
termos,13
perspectiva,13
custa,13
seminário,13
brasileiras,13
admite,13
remuneração,13
indicam,13
terça-feira,13
pés,13
corrida,13
satélite,13
caixas,13
entregue,13
esforço,13
conseguir,13
sabe,13
sociais,13
gás,13
empréstimos,13
candidaturas,13
Seu,13
senhor,13
sou,13
casal,13
pergunta,13
civil,13
petistas,13
envolvimento,13
percentuais,13
mandato,13
servidores,13
petroleiros,13
participaram,13
definido,13
mandou,13
abuso,13
minutos,13
morreu,13
funcionário,13
leitores,13
HIV,13
infectadas,13
menopausa,13
estrógeno,13
solos,12
mensal,12
proprietários,12
jornalista,12
cana,12
colheitadeira,12
garantia,12
ocorrer,12
considerou,12
fazendeiros,12
comércio,12
conversa,12
buscar,12
efeitos,12
solução,12
técnicas,12
frutas,12
fundo,12
chão,12
tradicional,12
elite,12
acompanhado,12
versão,12
completa,12
entressafra,12
ar,12
elevar,12
vendido,12
tenta,12
organização,12
categoria,12
promove,12
jornalistas,12
preparar,12
publicado,12
ficam,12
colocou,12
crescente,12
acusações,12
mãos,12
tamanho,12
perfil,12
abrir,12
vendidos,12
abastecimento,12
formado,12
atingir,12
grau,12
adultos,12
fonte,12
cafeeiro,12
impacto,12
pé,12
menos,12
1991,12
renovação,12
sai,12
contato,12
indicação,12
ministros,12
acontecer,12
ganho,12
apresentou,12
financeiro,12
alternativas,12
compras,12
acabar,12
possa,12
resto,12
obtidos,12
ajuda,12
doação,12
aberta,12
acreditar,12
vencer,12
palavra,12
espécie,12
certeza,12
quinta,12
reação,12
convencer,12
elaboração,12
secretário-geral,12
fizeram,12
cerimônia,12
povo,12
pedindo,12
tortura,12
bicheiros,12
argumento,12
propinas,12
cabos,12
Disse,12
bairros,12
aposentadorias,12
advogados,12
erro,12
tivesse,12
eleitos,12
viagens,12
civis,12
fará,12
drogas,12
convocação,12
tráfico,12
presídio,12
cartas,12
irmão,12
marido,12
menino,12
prédio,12
metalúrgicos,12
estudante,12
eclipse,12
disponibilidade,11
registrado,11
aprovou,11
investimentos,11
propriedades,11
necessária,11
pragas,11
pecuária,11
expansão,11
veio,11
ocorre,11
cobertura,11
ambiente,11
apresenta,11
haveria,11
julgamentos,11
importados,11
lotes,11
espanhol,11
parcelas,11
básico,11
português,11
estarão,11
retorno,11
emprego,11
vende,11
mineiro,11
passar,11
ganhos,11
prazos,11
sócio,11
efeito,11
planos,11
aumentos,11
vamos,11
continuidade,11
tradicionais,11
diretoria,11
prova,11
reuniu,11
milha,11
Tel,11
simental,11
promoção,11
14,11
profissionais,11
exige,11
tecnológica,11
terreno,11
energia,11
cozinha,11
patrimônio,11
mantém,11
estoques,11
razão,11
destaque,11
subsídios,11
frase,11
sozinho,11
estimado,11
trocar,11
fator,11
exemplares,11
machos,11
obtida,11
diminuir,11
limpeza,11
profissional,11
desperdício,11
aves,11
trabalha,11
financiar,11
bancária,11
cliente,11
reais,11
iniciou,11
certa,11
afirmação,11
açúcar,11
litro,11
supermercados,11
intervenção,11
fugir,11
dada,11
houver,11
visão,11
comportamento,11
colocado,11
instituições,11
instituto,11
transferência,11
aspecto,11
genético,11
contrato,11
morto,11
estiagem,11
estrangeiros,11
mudanças,11
Temos,11
hipótese,11
faixas,11
propaganda,11
níveis,11
dupla,11
prestações,11
enfrentar,11
interna,11
escolha,11
colegas,11
dizia,11
tentou,11
ponte,11
faria,11
adversários,11
bicho,11
propor,11
Fazenda,11
aprovado,11
terminou,11
movimentação,11
trabalhador,11
vagas,11
oposição,11
iria,11
liminar,11
haviam,11
integrantes,11
tirar,11
apurar,11
fraudes,11
suspeitos,11
gene,11
morrer,11
aprovar,11
penal,11
terem,11
condenado,11
teste,11
seguranças,11
atinge,10
tornou,10
pacote,10
entra,10
opções,10
cresce,10
vendidas,10
controlar,10
variedades,10
tomou,10
poucos,10
jovens,10
ligado,10
cálculos,10
divulgar,10
necessários,10
práticas,10
prejuízo,10
causas,10
escolhido,10
variação,10
planta,10
plantar,10
provoca,10
europeu,10
médios,10
cotações,10
abre,10
plantel,10
exposições,10
caráter,10
tempos,10
questões,10
participa,10
frigoríficos,10
quilo,10
mostram,10
boas,10
afirmar,10
fatores,10
tendo,10
colesterol,10
provar,10
custeio,10
mudança,10
criado,10
conseguiram,10
aponta,10
promovido,10
aposta,10
realizadas,10
federação,10
produz,10
marcado,10
12,10
Informações,10
inclui,10
recebem,10
especialistas,10
utilizado,10
receitas,10
subiu,10
reservas,10
exceção,10
norte-americano,10
engenharia,10
famílias,10
condição,10
éguas,10
rebanho,10
muito,10
natureza,10
produzido,10
atitude,10
aumenta,10
novidade,10
tarifas,10
parentes,10
caminhão,10
atrair,10
alterações,10
livre,10
completo,10
gratuito,10
Outros,10
tenham,10
presente,10
combater,10
Mais,10
concluiu,10
divulgado,10
recente,10
preocupa,10
curto,10
cair,10
mal,10
concurso,10
matar,10
carentes,10
vir,10
queijo,10
convidados,10
prestação,10
Essas,10
apontam,10
tal,10
reduzido,10
aparelho,10
caixa,10
positivo,10
anúncio,10
decidir,10
aberto,10
perguntou,10
respondeu,10
meios,10
virtual,10
sociólogo,10
direita,10
embaixador,10
transação,10
registro,10
dito,10
vítima,10
circulação,10
institucional,10
bi,10
soldados,10
cheque,10
citou,10
disposto,10
referência,10
favela,10
notas,10
fiscais,10
fim-de-semana,10
adversário,10
hormônio,10
investigar,10
direitos,10
presidentes,10
parar,10
candidatar,10
inclusão,10
aluno,10
determinou,10
edital,10
estudantes,10
demissões,10
páginas,10
diretora,10
lojas,10
crítica,9
capaz,9
1990,9
estrutura,9
monetária,9
cumprir,9
sequeiro,9
chuva,9
inferior,9
comparação,9
comprou,9
corresponde,9
investir,9
encontrada,9
praga,9
ideal,9
dão,9
enorme,9
ocupação,9
gordura,9
provocar,9
formas,9
universidade,9
utilização,9
recuperação,9
ambiental,9
palavras,9
definir,9
perde,9
Grande,9
brahma,9
promoveu,9
3º,9
equinos,9
prêmios,9
cabeça,9
planejamento,9
ampliação,9
meta,9
preferência,9
óleo,9
informa,9
interessados,9
programação,9
3ª,9
apresentado,9
apresentação,9
pagam,9
italiana,9
Todos,9
acrescenta,9
chamada,9
complexo,9
convite,9
repetir,9
fracasso,9
tese,9
bons,9
determina,9
visa,9
atingiu,9
Qualquer,9
criança,9
lançar,9
acompanhar,9
molinete,9
equilíbrio,9
tiros,9
placas,9
observação,9
retirar,9
massa,9
frias,9
diária,9
funcionamento,9
externo,9
estabilidade,9
habitantes,9
pauta,9
tornar,9
estatais,9
derrotado,9
parceria,9
notícia,9
gestão,9
oportunidade,9
pagando,9
usados,9
praça,9
mesa,9
suco,9
vésperas,9
passaram,9
conhecer,9
gosta,9
usadas,9
alimento,9
visto,9
graves,9
iniciar,9
menores,9
radicais,9
alteração,9
atender,9
veículos,9
montar,9
dúvida,9
tributos,9
derivados,9
regionais,9
nasceu,9
abriu,9
caminho,9
direta,9
democracia,9
vídeo,9
aparece,9
especiais,9
sintomas,9
fraude,9
promotores,9
importância,9
explicação,9
sugere,9
semelhantes,9
prefeitos,9
tom,9
senadores,9
tucana,9
substituir,9
acho,9
representação,9
aceita,9
publicada,9
particular,9
administrador,9
bicheiro,9
música,9
força,9
cientistas,9
pele,9
deveriam,9
morreram,9
empreiteira,9
fatos,9
sabia,9
legal,9
comício,9
desemprego,9
acaba,9
brincadeira,9
apuração,9
ruim,9
vontade,9
polícias,9
apurou,9
diretores,9
apreendidos,9
filiado,9
nega,9
reeleição,9
morro,9
massacre,9
visitou,9
depoimentos,9
vítimas,9
estariam,9
humanos,9
Executiva,9
autorização,9
criticou,9
forem,9
conjunto,9
demitido,9
suspeita,9
tratar,9
Educação,9
barba,9
orbital,9
turistas,9
porcos,9
colégio,9
ossos,9
Governo,9
motoristas,9
melhoria,8
alíquota,8
Agricultura,8
participou,8
passando,8
jurídica,8
ofício,8
proprietário,8
cartório,8
plantios,8
preparo,8
atingido,8
litros,8
podia,8
assinado,8
índices,8
projeção,8
provocada,8
boi,8
pobres,8
ricos,8
produtiva,8
pouca,8
levando,8
coloca,8
comuns,8
começam,8
sediada,8
esperado,8
Estão,8
17,8
3,8
Leilão,8
infra-estrutura,8
mercados,8
páreos,8
Vai,8
frigorífico,8
churrascaria,8
nossas,8
calcula,8
consegue,8
taxas,8
produzidos,8
canola,8
cenário,8
registrados,8
adquirir,8
confiança,8
corridas,8
bolsa,8
anteriores,8
médias,8
juízes,8
próximas,8
irmãos,8
importadas,8
doses,8
sêmen,8
gaúchos,8
passam,8
ocupar,8
privada,8
anuais,8
concorrer,8
composição,8
italiano,8
operacional,8
previsões,8
campos,8
publicação,8
constante,8
cuidado,8
engenheiro,8
agrônomo,8
fazendeiro,8
partes,8
kg,8
estimativa,8
velho,8
86,8
Nacional,8
balanço,8
90,8
av,8
verificar,8
possíveis,8
armação,8
cm,8
união,8
iniciada,8
próprios,8
mínima,8
conceito,8
escassez,8
posso,8
provocaram,8
ligadas,8
entregar,8
esperava,8
observar,8
explicar,8
fórmula,8
enviadas,8
levaram,8
fornecimento,8
funções,8
nossa,8
começaram,8
particulares,8
substituição,8
caderno,8
divulgação,8
longa,8
escolar,8
mínimos,8
continuam,8
refere,8
liderança,8
apresentados,8
diversas,8
físicas,8
Seria,8
salvar,8
ramo,8
sofrer,8
convencional,8
bar,8
estoque,8
enfrenta,8
Serão,8
colocados,8
compromisso,8
recentes,8
instalado,8
25,8
casamento,8
atacado,8
semelhante,8
ovo,8
leiteiro,8
autoridades,8
primário,8
moral,8
entregues,8
promete,8
localizado,8
lançou,8
incluir,8
apresentaram,8
protocolo,8
telefones,8
alvo,8
positiva,8
aborto,8
2º,8
tentam,8
peemedebista,8
conversar,8
confronto,8
articulação,8
telefonou,8
costas,8
prometeu,8
procurou,8
quero,8
eleitor,8
atos,8
turnos,8
coletiva,8
usou,8
ex-diretor,8
coelhos,8
conceder,8
entrevistas,8
respeito,8
igreja,8
apartamento,8
negar,8
representante,8
recorrer,8
considerados,8
superávit,8
explicações,8
indícios,8
médica,8
públicas,8
foto,8
leste,8
intenções,8
militantes,8
entender,8
empréstimo,8
repasse,8
quadros,8
estudar,8
recolhimento,8
idéias,8
cheques,8
prioridades,8
hospitais,8
comandante,8
porta-voz,8
secretaria,8
tribunal,8
gráfica,8
mortes,8
roupa,8
Redação,8
policial,8
cocaína,8
justa,8
fotos,8
percentual,8
indexador,8
ligações,8
sindical,8
fundação,8
cigarros,8
professores,8
pedidos,8
investigado,8
secretária,8
receberá,8
científica,8
Saúde,8
afastar,8
manda,8
sexual,8
revisor,8
leis,8
salariais,8
meus,8
PSDB-,8
padre,8
fita,8
reações,8
andar,8
absolvição,8
excessos,8
Operação,8
entraram,8
espacial,8
sueco,8
vigilância,8
hormônios,8
rei,8
túneis,8
degradação,7
padrão,7
aquisitivo,7
anunciado,7
fabricação,7
conteúdo,7
nº,7
tabela,7
plena,7
membro,7
fria,7
trimestre,7
costuma,7
aumentou,7
clientes,7
ritmo,7
vinha,7
mandioca,7
canaviais,7
litoral,7
conjunta,7
metro,7
apresentam,7
segmento,7
décadas,7
juntos,7
produtivo,7
manejo,7
vivem,7
quadrados,7
modelos,7
acabam,7
financeiros,7
determinar,7
poucas,7
potencial,7
do,7
naturais,7
rios,7
pregões,7
publicitário,7
leia,7
garanhões,7
encerramento,7
fabricantes,7
individual,7
bovina,7
preferiu,7
comprada,7
produzindo,7
vendedores,7
arroba,7
optar,7
ouvidos,7
importado,7
entende,7
lucros,7
períodos,7
Estes,7
comercializados,7
desenvolvido,7
riscos,7
estuda,7
fornecedores,7
15,7
geada,7
lançada,7
pensa,7
sistemas,7
empresarial,7
farelo,7
surgiu,7
produtoras,7
venceu,7
associados,7
puros,7
adoção,7
garanhão,7
potros,7
negociados,7
tradição,7
fundamental,7
rendimento,7
4º,7
macho,7
eventos,7
deram,7
disputam,7
primeiras,7
puras,7
condução,7
diminuição,7
ocorreram,7
ajuste,7
lugares,7
febre,7
abandonar,7
revolução,7
explosão,7
negativa,7
provocado,7
modo,7
posição,7
ex-secretário,7
85,7
distribuídos,7
águas,7
cesta,7
colaboram,7
nossos,7
disponível,7
exclusiva,7
destinada,7
puderam,7
lidera,7
durou,7
umidade,7
barra,7
2,7
encontros,7
ausência,7
caça,7
extensão,7
recolher,7
fábricas,7
conhece,7
causar,7
procuram,7
diferente,7
tomada,7
perspectivas,7
dobro,7
introdução,7
previstos,7
divulgados,7
Nossa,7
agência,7
interino,7
investidores,7
dificuldade,7
incluindo,7
resolver,7
esperança,7
provisória,7
realidade,7
utilizar,7
acompanhamento,7
briga,7
pudesse,7
permitiu,7
planilha,7
acreditam,7
queremos,7
reflexo,7
aniversário,7
fazia,7
fantasma,7
regra,7
sinais,7
pouco,7
estados,7
choque,7
método,7
mudas,7
retirada,7
cortes,7
baixos,7
sobe,7
bola,7
posições,7
preparado,7
retenção,7
exercício,7
desenvolvidos,7
argumentos,7
divulgada,7
satélites,7
laboratório,7
receberam,7
deixaram,7
atribui,7
criando,7
aluguel,7
postos,7
nativa,7
termina,7
genética,7
associado,7
esteja,7
cautela,7
fornecer,7
atendidos,7
congresso,7
saíram,7
medicamentos,7
propôs,7
registrada,7
dividir,7
cobrança,7
fixa,7
econômicas,7
resistência,7
europeus,7
aproveitou,7
tantos,7
pagou,7
ave,7
coluna,7
circular,7
impedir,7
flores,7
mineira,7
déficit,7
correr,7
contar,7
filiados,7
transmissão,7
ligada,7
mamas,7
aumentam,7
física,7
acabaram,7
bases,7
assistir,7
prévia,7
apóia,7
derrota,7
tratado,7
caravana,7
confirmar,7
sindicalista,7
concedida,7
feriado,7
endereço,7
legenda,7
conversas,7
dirigentes,7
quiser,7
distribuiu,7
haja,7
adolescente,7
coordenadores,7
administrativa,7
sugeriu,7
fixar,7
sindicalistas,7
estabelece,7
evitou,7
resolveu,7
Quer,7
pedetista,7
tirou,7
manifestação,7
comentar,7
econômicos,7
coordenação,7
suspensão,7
licitações,7
apelido,7
cientista,7
infectados,7
pretendia,7
repórter,7
exame,7
plenário,7
calendários,7
temor,7
acusada,7
três,7
feridos,7
votado,7
cadernos,7
deputada,7
original,7
aldeia,7
anões,7
mandado,7
Carnaval,7
encaminhou,7
proibição,7
Plano,7
consideradas,7
palestra,7
radicalismo,7
municipais,7
missão,7
som,7
teoria,7
votações,7
irregulares,7
perguntas,7
Programa,7
depor,7
contratações,7
julgado,7
comentou,7
fila,7
procurado,7
resolução,7
privatizações,7
peixes,7
tranquilo,7
decidiram,7
pacientes,7
morrem,7
sexta,7
Tiroteio,7
r,7
ministra,7
ficarão,7
rapazes,7
avenida,7
contras,7
foguete,7
bloco,7
porta,7
protesto,7
selos,7
fuga,7
pintos,6
destaca,6
competitividade,6
massas,6
extinção,6
cópia,6
lança,6
multa,6
fechou,6
manteve,6
suplementar,6
trator,6
cresceram,6
equipamento,6
Suas,6
estimativas,6
veneno,6
sabem,6
plantações,6
conseguem,6
fronteiras,6
Esses,6
exigem,6
rústico,6
cultivo,6
procedimentos,6
concorda,6
crescendo,6
conferência,6
formada,6
suficientes,6
sujeito,6
abastecer,6
rápido,6
1ª,6
chegada,6
promotora,6
calendário,6
equinas,6
adquirida,6
investiu,6
comprador,6
seguintes,6
carioca,6
trata,6
appaloosa,6
negociada,6
melhora,6
confinamento,6
Alguns,6
excelente,6
cambial,6
baixar,6
superintendente,6
restaurante,6
inviável,6
repassar,6
tais,6
baratas,6
credibilidade,6
vendendo,6
bovino,6
encerrada,6
esporte,6
incentivar,6
prontos,6
amplo,6
causou,6
defender,6
campeão,6
montado,6
holandesas,6
recuperar,6
compõem,6
clube,6
compensação,6
reunir,6
incluída,6
organizar,6
critérios,6
render,6
consultor,6
premiados,6
avaliar,6
instrumento,6
livros,6
vendida,6
recebidos,6
contexto,6
chama,6
debates,6
relativas,6
preocupante,6
cabe,6
agroindústria,6
armazém,6
agroindustrial,6
funcionar,6
ligados,6
sacos,6
departamento,6
lembrar,6
Parte,6
levam,6
acompanhou,6
define,6
Po,6
embriões,6
ocorrência,6
danos,6
mecânicos,6
recomenda,6
acertar,6
capacitação,6
perdendo,6
construir,6
populares,6
m,6
ensino,6
plataforma,6
território,6
proteger,6
desgaste,6
passos,6
plantados,6
Existe,6
enviar,6
precoces,6
impediu,6
obrigado,6
apareceu,6
ouviu,6
usina,6
restante,6
internas,6
cobrir,6
depender,6
evolução,6
incluem,6
analisa,6
cópias,6
documentação,6
1985,6
1986,6
integração,6
paraguaia,6
brasiguaios,6
visitar,6
agentes,6
caminhões,6
seguir,6
justiça,6
muda,6
jeito,6
encontra,6
registradas,6
avanço,6
proporcional,6
constatou,6
adotar,6
prejuízos,6
possam,6
impedido,6
assumiu,6
cana-de-açúcar,6
futuros,6
feijoada,6
padarias,6
prejudicar,6
comprometer,6
bandeira,6
compensar,6
trazer,6
razões,6
aplicações,6
leiteira,6
trajeto,6
custam,6
estrada,6
braço,6
depósitos,6
Líder,6
lote,6
utiliza,6
reduz,6
remoto,6
delegação,6
constatação,6
detalhe,6
fácil,6
varia,6
permitem,6
divisão,6
viabilizar,6
quatro,6
apresentada,6
margens,6
fechar,6
Queremos,6
peça,6
definida,6
trará,6
tampão,6
pensando,6
encontrados,6
fomento,6
sorteio,6
suíço,6
característica,6
correntes,6
tarefa,6
sequência,6
exportar,6
deixado,6
provocou,6
abertas,6
mestiços,6
festas,6
permanecer,6
Classy,6
desenvolver,6
divulgou,6
publicidade,6
pressões,6
concentra,6
municipal,6
reservado,6
coberturas,6
comprado,6
existente,6
PIB,6
houvesse,6
mexicano,6
pólo,6
objetivos,6
aeroporto,6
telefonia,6
mensagem,6
estejam,6
flagrante,6
aplicar,6
boate,6
enviada,6
não,6
baiano,6
jantar,6
aceitação,6
reportagens,6
acordos,6
conflito,6
prévias,6
manifestações,6
desembarque,6
fiéis,6
vaga,6
sustenta,6
apelo,6
terça,6
acontecerá,6
cargos,6
trechos,6
entendimento,6
Quero,6
cidadão,6
pensar,6
dúvidas,6
contatos,6
subindo,6
aceitou,6
escreveu,6
afirmava,6
21,6
ministérios,6
morar,6
impossível,6
missa,6
Leia,6
trecho,6
chamar,6
conselho,6
elogios,6
contratar,6
relacionamento,6
Transportes,6
coordenador-geral,6
descobriu,6
usa,6
cumpriu,6
mandatos,6
participado,6
estrelas,6
opiniões,6
juíza,6
Administração,6
mora,6
indexação,6
adotadas,6
contribuintes,6
funciona,6
favelas,6
eficácia,6
autoridade,6
específica,6
tentavam,6
8,6
racha,6
afirmando,6
violência,6
língua,6
acusa,6
futebol,6
permanente,6
serve,6
droga,6
al,6
obesidade,6
defeito,6
múmia,6
correta,6
subvenções,6
subcomissão,6
bancário,6
abandonado,6
escrever,6
morais,6
dotações,6
partidárias,6
fixas,6
conversou,6
alegação,6
proibir,6
concorrências,6
Estava,6
personagem,6
convocar,6
má,6
providências,6
decreto,6
previstas,6
quantia,6
benefício,6
despejo,6
matéria,6
sindicância,6
básica,6
Pesquisas,6
mortalidade,6
órbita,6
computadores,6
Colaborou,6
achar,6
histórico,6
negros,6
coordenadora,6
meninos,6
luta,6
rejeitar,6
acionistas,6
completou,6
substituto,6
aldeias,6
radical,6
Série,6
papelão,6
pobre,6
condenados,6
terço,6
internada,6
russa,6
namoro,6
urnas,6
vagina,6
gangue,6
Câmara,6
orgias,6
tias,6
prisões,6
endométrio,6
orfanato,6
inseminação,6
otimista,5
estimular,5
atacando,5
Exemplo,5
competência,5
editada,5
cadastro,5
embrião,5
devia,5
disponíveis,5
acrescentou,5
registrar,5
elevada,5
favorecidas,5
aguardar,5
safrinha,5
nordeste,5
temperaturas,5
ciclo,5
longo,5
combinação,5
comercializadas,5
anual,5
safras,5
ataca,5
atingindo,5
milhares,5
semente,5
cultural,5
comercializar,5
invadiu,5
navios,5
afetadas,5
diagnóstico,5
densidade,5
eficaz,5
estudam,5
vegetal,5
adequado,5
mudaram,5
fenômeno,5
afeta,5
linhas,5
estiver,5
escala,5
precisar,5
Levantamento,5
divisa,5
pronto,5
fértil,5
formar,5
lavagem,5
tornam,5
chamados,5
segura,5
zebuínas,5
valorização,5
recordes,5
inauguração,5
obtendo,5
expectativas,5
égua,5
organizadora,5
Começou,5
descobriram,5
camarotes,5
peões,5
urbana,5
duração,5
7,5
lance,5
fêmea,5
automóvel,5
reduzida,5
abate,5
patamar,5
bois,5
criados,5
alimentação,5
arrobas,5
projeções,5
faltar,5
evita,5
temperatura,5
afetando,5
razoável,5
aumentaram,5
churrascarias,5
matéria-prima,5
virada,5
ameaça,5
pico,5
término,5
voltaram,5
comer,5
carnes,5
internos,5
exportador,5
queixa,5
tonelada,5
finais,5
supera,5
exigiu,5
formam,5
13ª,5
trajetória,5
variam,5
momentos,5
ocorrido,5
levados,5
leiloeiro,5
bateu,5
trouxe,5
promover,5
chamadas,5
maratona,5
negociadas,5
conformação,5
70,5
erros,5
instalar,5
citros,5
distribui,5
amostras,5
sugestões,5
balanços,5
referentes,5
laticínios,5
mineral,5
aftosa,5
buscando,5
operar,5
essencial,5
preocupar,5
instalada,5
cultivada,5
faturou,5
negociando,5
10ª,5
chave,5
tourinhos,5
produtora,5
pertence,5
tornando,5
escolher,5
horários,5
eficiência,5
operador,5
ajustar,5
folga,5
testar,5
proteína,5
faça,5
avaliado,5
inimigos,5
útil,5
imediata,5
proibida,5
segundos,5
aquisição,5
cursos,5
maturação,5
